Dispecher -- TK-1140 -- 99.0,99,1
1 Poverh -- TK-450 -- 93.0,93,7
SB -- black -- 90.0,90,10
Tehotdel -- TK-8325K -- 89.0,89,11
Base Operators -- TK-3190 -- 87.0,87,13
Export -- TK-5140M -- 87.0,87,13
Secretaries -- TK-5270M -- 87.0,87,13
Export -- TK-5140Y -- 86.0,86,14
Marketing -- TK-5270C -- 85.0,85,15
Export -- TK-5140C -- 81.0,81,19
Zagotovka -- TK-435 -- 80.0,80,20
Baza operator main -- TK-3130 -- 80.0,80,20
IT -- Black Cartridge HP CC530A -- 79.0,79,21
Yurist -- TK-1170 -- 77.0,77,23
Ecologi -- TK-1170 -- 74.0,74,26
Baza rampa -- TK-1170 -- 73.0,73,27
Export -- TK-5140K -- 73.0,73,27
Sklad Vasya -- TK-1170 -- 69.0,69,31
Marketing -- TK-5270Y -- 69.0,69,31
Nach Yurist -- TK-1140 -- 67.0,67,33
Kadri -- TK-1170 -- 66.0,66,34
Technologists -- TK-1170 -- 56.0,56,44
Baza operator right -- TK-3130 -- 55.0,55,45
Marketing -- TK-5270K -- 55.0,55,45
Komerce -- TK-5140C -- 54.0,54,46
Transportny -- TK-1170S -- 53.0,53,47
Marketing -- TK-5270M -- 52.0,52,48
Komerce -- TK-5140K -- 52.0,52,48
Secretaries -- TK-5270C -- 47.0,47,53
Logist -- TK-1140 -- 42.0,42,58
RnD -- TK-5270M -- 41.0,41,59
Baza operator MFU -- TK-1140 -- 37.0,37,63
Komerce -- TK-5140Y -- 37.0,37,63
IT -- Cyan Cartridge HP CC531A -- 33.0,33,67
RnD -- TK-5270K -- 32.0,32,68
Secretaries -- TK-5270Y -- 32.0,32,68
Yakisty -- TK-1170 -- 31.0,31,69
Plan -- black -- 30.0,30,70
Komerce -- TK-5140M -- 27.0,27,73
Tehotdel -- TK-8325C -- 27.0,27,73
Himlab -- TK-1140 -- 26.0,26,74
Zeh Varka -- TK-1140 -- 25.0,25,75
Bakun -- TK-1140 -- 24.0,24,76
IT -- Yellow Cartridge HP CC532A -- 24.0,24,76
Vitya -- TK-1140 -- 19.0,19,81
IT -- Magenta Cartridge HP CC533A -- 17.0,17,83
BUH -- TK-1170 -- 12.0,12,88
San-Pobut -- black -- 10.0,10,90
RnD -- TK-5270C -- 8.0,8,92
Paletuvanja -- TK-1160 -- 6.0,6,94
Kislomilk camera -- TK-1140 -- 6.0,6,94
RnD -- TK-5270Y -- 6.0,6,94
Secretaries -- TK-5270K -- 6.0,6,94
Nach Kislomilk -- TK-1140 -- 6.0,6,94
Zhanna -- TK-1140 -- 6.0,6,94
Tehotdel -- TK-8325M -- 5.0,5,95
Tehotdel -- TK-8325Y -- 5.0,5,95
ASKV -- TK-1170S -- 5.0,5,95
Baza maslo -- TK-1170 -- 5.0,5,95
"Boise, ID, USA -- Black Cartridge -- 0.0",0,100
Nach Morozivo -- Black Toner Cartridge -- 0.0,0,100
